"unigram","bigram","trigram","quadgram","quantgram","freq"
"at","the","end","of","the",19
"in","the","middle","of","the",8
"a","couple","of","weeks","ago",7
"for","the","rest","of","the",6
"i","dont","know","why","i",6
"i","thought","it","would","be",6
"but","at","the","same","time",5
"dont","know","about","you","but",5
"for","those","of","you","who",5
"i","have","no","idea","what",5
"if","you","would","like","to",5
"in","the","hall","of","fame",5
"the","rest","of","the","season",5
"a","couple","of","years","ago",4
"all","the","way","to","the",4
"and","i","went","to","the",4
"as","much","as","you","can",4
"but","for","the","most","part",4
"for","the","life","of","me",4
"i","dont","know","about","you",4
"i","have","to","say","i",4
"is","one","of","the","most",4
"it","is","one","of","my",4
"it","was","one","of","the",4
"of","our","lord","jesus","christ",4
"on","the","other","hand","i",4
"on","the","other","side","of",4
"on","the","side","of","the",4
"over","the","past","few","years",4
"the","other","side","of","the",4
"there","was","a","lot","of",4
"to","the","rest","of","the",4
"what","i","am","saying","is",4
"a","few","weeks","ago","that",3
"and","certain","other","arrangements","correspond",3
"and","i","have","to","be",3
"are","not","the","only","ones",3
"arrangements","correspond","to","there","being",3
"as","much","as","i","do",3
"at","the","beginning","of","this",3
"at","the","bottom","of","the",3
"at","the","top","of","the",3
"certain","other","arrangements","correspond","to",3
"do","it","all","over","again",3
"dont","get","me","wrong","i",3
"dont","have","to","worry","about",3
"dont","know","what","to","do",3
"every","once","in","a","while",3
"for","a","couple","of","days",3
"for","the","first","time","in",3
"for","those","of","us","who",3
"here","we","are","at","the",3
"how","many","times","have","you",3
"husband","on","the","other","hand",3
"i","cant","wait","to","see",3
"i","do","not","have","a",3
"i","dont","know","what","to",3
"i","fell","in","love","with",3
"i","had","a","lot","of",3
"i","had","never","heard","of",3
"i","knew","i","had","to",3
"i","realized","that","i","was",3
"i","said","i","was","going",3
"i","thought","i","would","share",3
"i","waited","pointlessly","for","my",3
"i","want","to","talk","about",3
"i","was","going","to","be",3
"i","will","be","able","to",3
"im","not","sure","if","i",3
"in","front","of","me","was",3
"incorporated","in","item","c","above",3
"is","thanks","to","this","elite",3
"it","could","be","used","to",3
"it","is","thanks","to","this",3
"it","turned","out","to","be",3
"it","would","be","better","to",3
"its","not","that","i","dont",3
"john","smiths","grand","national","record",3
"my","husband","on","the","other",3
"need","to","get","out","of",3
"of","the","fact","that","i",3
"on","a","first","name","basis",3
"on","the","back","of","the",3
"on","the","bottom","of","the",3
"on","the","edge","of","the",3
"once","in","a","while","so",3
"other","arrangements","correspond","to","there",3
"over","the","last","few","months",3
"part","of","who","we","are",3
"said","i","was","going","to",3
"should","we","never","settle","for",3
"sometimes","you","just","have","to",3
"st","dc","in","next","st",3
"thanks","to","this","elite","that",3
"that","a","few","of","the",3
"that","it","was","time","to",3
"the","end","of","the","day",3
"the","middle","of","the","night",3
"the","most","important","thing","is",3
"the","new","york","city","department",3
"the","rest","of","my","life",3
"there","are","a","number","of",3
"there","is","the","possibility","of",3
"they","wanted","to","go","to",3
"to","be","included","in","the",3
"to","do","the","right","thing",3
"to","go","back","to","the",3
"to","make","up","for","the",3
"turned","out","to","be","a",3
"wake","up","in","the","morning",3
"was","going","to","be","a",3
"we","are","not","the","only",3
"you","are","the","light","of",3
"you","can","see","in","the",3
"you","will","be","able","to",3
"a","bit","faster","than","inflation",2
"a","bit","of","spicy","hops",2
"a","bit","of","time","to",2
"a","chance","to","win","a",2
"a","comment","on","the","blog",2
"a","first","name","basis","with",2
"a","great","way","to","get",2
"a","hell","of","a","lot",2
"a","little","about","me","i",2
"a","little","bit","he","said",2
"a","little","bit","more","of",2
"a","long","and","indeed","lucrative",2
"a","lot","of","hard","work",2
"a","lot","of","time","and",2
"a","lot","of","time","but",2
"a","love","that","says","jason",2
"a","man","and","a","woman",2
"a","mode","of","life","dominated",2
"a","privilege","to","make","an",2
"a","roller","coaster","of","emotions",2
"a","stay","at","home","mom",2
"a","time","when","we","were",2
"a","way","of","life","for",2
"a","way","to","ensure","that",2
"a","week","and","a","half",2
"a","year","in","the","life",2
"a","year","or","so","later",2
"able","to","join","us","this",2
"accordance","with","the","scriptures","and",2
"account","of","your","race","that",2
"again","were","caught","charged","and",2
"alcohol","clin","exp","res","pfefferbaum",2
"alcohol","consumption","alcohol","clin","exp",2
"alcohol","health","res","world","parsons",2
"all","i","can","tell","you",2
"all","in","all","it","was",2
"all","over","the","place","i",2
"all","the","rest","of","the",2
"all","the","time","and","then",2
"all","you","can","think","about",2
"all","you","have","to","do",2
"all","your","heart","and","with",2
"all","your","soul","and","with",2
"almost","year","since","the","day",2
"always","a","sandwich","id","rather",2
"always","bought","a","super","lunch",2
"am","a","big","fan","of",2
"am","going","to","have","to",2
"am","in","awe","of","the",2
"am","just","tired","of","talking",2
"an","hour","and","a","half",2
"an","impact","on","the","lives",2
"an","integral","part","of","the",2
"an","rb","singles","chart","entry",2
"an","unusually","warm","and","dry",2
"and","a","host","of","other",2
"and","a","whole","lot","of",2
"and","at","the","same","time",2
"and","by","little","i","mean",2
"and","came","up","with","a",2
"and","came","up","with","the",2
"and","crack","that","wrist","man",2
"and","for","the","first","time",2
"and","for","those","of","you",2
"and","he","will","give","you",2
"and","i","are","going","to",2
"and","i","cant","believe","i",2
"and","i","dont","know","what",2
"and","i","have","plenty","of",2
"and","i","only","have","to",2
"and","i","thought","to","myself",2
"and","indeed","lucrative","tradition","of",2
"and","it","has","made","it",2
"and","ive","always","wanted","to",2
"and","let","me","know","what",2
"and","not","being","able","to",2
"and","put","it","in","the",2
"and","replacing","it","with","a",2
"and","similes","are","wonderful","things",2
"and","the","district","of","columbia",2
"and","the","modulating","voltage","is",2
"and","then","on","sunday","our",2
"and","there","are","those","who",2
"and","there","was","a","lot",2
"and","what","can","be","done",2
"and","with","all","your","soul",2
"and","with","all","your","strength",2
"anyone","who","is","a","big",2
"anyone","who","is","reading","this",2
"are","at","the","end","of",2
"are","based","on","something","that",2
"are","just","going","to","have",2
"are","sure","to","be","a",2
"are","the","light","of","all",2
"around","in","the","middle","of",2
"as","a","matter","of","fact",2
"as","a","result","of","the",2
"as","far","back","as","i",2
"as","high","as","one","in",2
"as","i","like","to","call",2
"as","i","would","like","to",2
"as","if","she","were","a",2
"as","if","they","have","been",2
"as","it","turns","out","there",2
"as","it","was","one","of",2
"as","luck","would","have","it",2
"as","much","a","part","of",2
"as","much","as","i","am",2
"as","much","as","i","could",2
"as","much","as","the","first",2
"as","much","money","as","possible",2
"as","one","of","the","most",2
"as","one","of","the","top",2
"as","the","headquarters","of","the",2
"as","the","savior","of","the",2
"as","you","can","see","on",2
"assists","for","points","in","games",2
"at","degrees","for","minutes","or",2
"at","the","back","of","the",2
"at","the","base","of","the",2
"at","the","drop","of","a",2
"at","the","end","of","this",2
"at","the","same","time","but",2
"at","the","same","time","he",2
"at","the","same","time","i",2
"at","the","same","time","if",2
"at","the","same","time","the",2
"at","the","time","i","was",2
"at","the","time","of","the",2
"at","the","white","house","on",2
"at","this","time","of","year",2
"attempt","to","bring","their","mother",2
"back","to","the","way","things",2
"bake","at","degrees","for","minutes",2
"based","on","something","that","might",2
"be","a","part","of","the",2
"be","able","to","see","the",2
"be","at","home","with","my",2
"be","further","from","the","truth",2
"be","in","a","position","to",2
"be","in","force","and","effect",2
"be","in","the","same","place",2
"be","making","more","of","these",2
"because","i","like","the","way",2
"been","a","privilege","to","make",2
"been","accused","of","being","a",2
"been","so","excited","to","move",2
"before","the","end","of","the",2
"before","we","go","any","further",2
"both","on","and","off","the",2
"bothered","me","for","a","long",2
"bring","their","mother","back","to",2
"but","are","not","limited","to",2
"but","i","also","know","that",2
"but","i","do","know","i",2
"but","it","is","nice","to",2
"but","not","this","year","i",2
"but","that","doesnt","mean","that",2
"but","there","is","a","danger",2
"buyer","reviews","and","ratings","of",2
"by","click","on","the","link",2
"by","clicking","here","you","can",2
"by","submitting","photos","and","by",2
"by","the","average","white","band",2
"by","the","time","you","get",2
"by","the","time","you","reach",2
"came","out","when","i","was",2
"came","to","a","conclusion","i",2
"can","be","found","in","the",2
"can","find","a","copy","of",2
"can","read","between","the","lines",2
"cant","wait","to","use","them",2
"catalina","to","pay","for","the",2
"caught","charged","and","given","bail",2
"celebrate","the","th","anniversary","of",2
"chakra","sets","us","up","for",2
"chance","to","deal","damage","after",2
"check","for","the","buyer","reviews",2
"click","on","the","link","below",2
"clin","exp","res","pfefferbaum","a",2
"colored","using","the","spectrum","noir",2
"come","to","the","conclusion","that",2
"come","to","think","of","it",2
"coming","up","with","something","i",2
"companies","to","be","featured","include",2
"consumption","alcohol","clin","exp","res",2
"contest","in","two","ways","by",2
"correspond","to","there","being","particles",2
"could","be","an","answer","to",2
"could","not","be","reached","for",2
"couple","of","weeks","ago","i",2
"crack","that","wrist","man","up",2
"cremation","burials","in","mounds","and",2
"cricket","podcast","downloading","has","also",2
"dads","the","second","you","see",2
"dc","in","next","st","dc",2
"deal","damage","after","an","attack",2
"decided","that","it","was","time",2
"degrees","for","minutes","or","until",2
"despite","the","fact","that","the",2
"didnt","have","time","to","get",2
"died","as","a","result","of",2
"do","it","on","your","own",2
"do","you","have","any","idea",2
"do","you","want","to","leave",2
"does","not","appear","to","have",2
"does","not","want","to","be",2
"doing","this","project","with","my",2
"dont","have","much","to","say",2
"dont","know","what","it","is",2
"dont","know","why","i","was",2
"dont","want","to","get","too",2
"downloading","has","also","acted","as",2
"dropping","the","limp","wrist","you",2
"each","and","every","one","of",2
"end","of","the","war","in",2
"ended","march","compared","to","million",2
"enjoy","it","as","much","as",2
"even","better","than","i","hoped",2
"even","matter","that","pauls","encouragement",2
"fact","of","the","matter","is",2
"fears","are","based","on","something",2
"fetish","digital","stamps","and","more",2
"few","seconds","to","a","minute",2
"few","weeks","ago","that","i",2
"figure","out","what","to","do",2
"find","a","copy","of","it",2
"first","week","of","the","year",2
"for","a","bit","and","it",2
"for","a","chance","to","win",2
"for","a","few","minutes","until",2
"for","a","great","holiday","gift",2
"for","a","long","time","but",2
"for","a","minute","or","two",2
"for","a","while","so","i",2
"for","as","long","as","i",2
"for","at","least","the","next",2
"for","me","and","i","will",2
"for","so","long","that","i",2
"for","that","to","be","a",2
"for","the","buyer","reviews","and",2
"for","the","end","of","the",2
"for","the","first","time","since",2
"for","the","quarter","ended","march",2
"for","the","rest","of","my",2
"for","the","rest","of","us",2
"for","the","sake","of","a",2
"for","the","same","period","last",2
"fox","jumps","over","the","lazy",2
"from","one","of","the","old",2
"from","the","first","world","war",2
"from","the","noteeditor","and","then",2
"from","what","we","could","see",2
"get","caught","up","on","my",2
"get","into","this","when","sal",2
"get","the","house","ready","to",2
"get","to","be","at","home",2
"give","him","a","good","punch",2
"give","us","any","insight","into",2
"give","you","an","idea","of",2
"give","you","the","desires","of",2
"given","the","opportunity","to","learn",2
"go","back","to","the","way",2
"god","with","all","your","heart",2
"going","on","in","my","life",2
"guess","what","i","am","saying",2
"had","no","criminal","record","and",2
"had","to","go","to","the",2
"had","to","go","to","work",2
"half","way","around","the","world",2
"has","also","acted","as","a",2
"has","been","a","privilege","to",2
"has","been","approved","by","the",2
"has","been","cut","out","with",2
"has","no","choice","but","to",2
"have","a","few","cards","in",2
"have","a","lot","of","time",2
"have","an","entirely","vegetarian","day",2
"have","come","to","the","conclusion",2
"have","never","been","so","excited",2
"have","no","idea","how","to",2
"have","no","idea","what","it",2
"have","nothing","to","do","with",2
"have","something","to","say","about",2
"have","to","admit","that","i",2
"have","to","say","it","was",2
"he","has","you","for","life",2
"he","has","you","in","the",2
"he","looks","at","me","and",2
"he","started","the","year","off",2
"he","wanted","it","to","be",2
"he","was","thinking","of","the",2
"he","will","give","you","the",2
"health","res","world","parsons","oa",2
"heart","and","with","all","your",2
"heart","chakra","sets","us","up",2
"heart","just","wasnt","in","it",2
"helps","you","to","win","friends",2
"here","i","am","going","to",2
"here","is","the","recipe","for",2
"here","to","tell","you","that",2
"hm","love","at","first","sight",2
"hope","to","see","you","again",2
"hope","you","all","have","a",2
"hope","you","have","a","great",2
"hopefully","i","will","be","able",2
"how","could","i","have","let",2
"how","it","could","be","used",2
"how","much","money","they","had",2
"how","to","build","and","maintain",2
"how","to","get","an","agent",2
"hz","and","the","modulating","voltage",2
"i","added","a","strip","of",2
"i","am","going","to","be",2
"i","am","going","to","have",2
"i","am","going","to","share",2
"i","am","just","going","to",2
"i","am","just","tired","of",2
"i","am","looking","forward","to",2
"i","am","saying","is","that",2
"i","am","so","excited","to",2
"i","am","sure","i","will",2
"i","came","to","a","conclusion",2
"i","can","only","hope","that",2
"i","can","safely","say","that",2
"i","cant","go","back","to",2
"i","cant","tell","you","how",2
"i","cant","think","of","a",2
"i","cant","wait","to","meet",2
"i","could","do","with","a",2
"i","couldnt","get","enough","of",2
"i","decided","to","take","a",2
"i","did","not","want","to",2
"i","didnt","have","the","time",2
"i","didnt","have","time","to",2
"i","didnt","take","a","picture",2
"i","do","a","lot","of",2
"i","do","not","know","what",2
"i","do","not","like","the",2
"i","dont","have","much","to",2
"i","dont","have","to","go",2
"i","dont","have","to","worry",2
"i","dont","know","how","i",2
"i","dont","know","if","it",2
"i","dont","know","what","it",2
"i","dont","know","what","the",2
"i","dont","know","where","i",2
"i","dont","think","ive","ever",2
"i","dont","want","this","to",2
"i","dont","want","to","get",2
"i","feel","like","i","have",2
"i","felt","like","i","was",2
"i","felt","that","i","had",2
"i","finally","made","it","to",2
"i","guess","what","i","am",2
"i","had","a","hard","time",2
"i","had","to","do","something",2
"i","had","to","go","to",2
"i","have","a","feeling","that",2
"i","have","a","few","cards",2
"i","have","a","few","things",2
"i","have","been","able","to",2
"i","have","been","wanting","to",2
"i","have","come","to","the",2
"i","have","found","a","few",2
"i","have","made","the","heavens",2
"i","have","never","been","so",2
"i","have","no","idea","its",2
"i","have","to","admit","that",2
"i","have","to","say","it",2
"i","have","to","say","that",2
"i","havent","been","able","to",2
"i","hope","to","see","you",2
"i","hope","you","have","a",2
"i","just","have","to","share",2
"i","just","wanted","to","be",2
"i","know","what","youre","thinking",2
"i","know","you","will","be",2
"i","like","the","way","it",2
"i","might","as","well","have",2
"i","need","to","figure","out",2
"i","need","to","work","on",2
"i","never","would","have","thought",2
"i","often","feel","like","i",2
"i","really","dont","want","to",2
"i","really","liked","the","way",2
"i","suppose","i","should","have",2
"i","suppose","you","could","say",2
"i","think","i","might","have",2
"i","think","it","was","a",2
"i","think","it","would","be",2
"i","think","one","of","the",2
"i","think","that","if","we",2
"i","took","that","as","a",2
"i","tried","to","make","a",2
"i","want","to","buy","a",2
"i","want","to","focus","on",2
"i","wanted","to","go","to",2
"i","wanted","to","make","something",2
"i","was","able","to","use",2
"i","was","taken","by","surprise",2
"i","was","too","busy","or",2
"i","will","show","you","soon",2
"i","will","tell","you","though",2
"i","wish","i","could","say",2
"i","wondered","to","myself","if",2
"i","would","have","loved","to",2
"i","would","like","to","offer",2
"i","would","like","to","visit",2
"i","would","love","to","hear",2
"i","would","love","to","see",2
"i","would","recommend","that","you",2
"i","would","say","it","is",2
"if","im","being","completely","honest",2
"if","we","equate","materialism","with",2
"if","you","dont","want","to",2
"ignore","reality","in","favour","of",2
"im","finally","getting","around","to",2
"im","here","to","tell","you",2
"im","not","a","huge","fan",2
"im","not","sure","why","but",2
"im","not","sure","why","its",2
"im","on","a","first","name",2
"im","probably","the","only","person",2
"impact","on","the","lives","of",2
"important","places","to","us","in",2
"in","a","couple","of","days",2
"in","a","small","bowl","whisk",2
"in","a","way","that","i",2
"in","accordance","with","the","scriptures",2
"in","love","with","what","we",2
"in","my","life","when","i",2
"in","next","st","dc","in",2
"in","one","hand","and","a",2
"in","order","to","get","a",2
"in","other","parts","of","the",2
"in","the","back","of","the",2
"in","the","bottom","of","the",2
"in","the","comments","section","of",2
"in","the","contest","in","two",2
"in","the","course","of","the",2
"in","the","face","of","the",2
"in","the","last","few","weeks",2
"in","the","last","few","years",2
"in","the","lord","and","he",2
"in","the","medical","system","is",2
"in","the","middle","of","nowhere",2
"in","the","same","place","at",2
"in","the","same","way","as",2
"in","the","upper","left","corner",2
"in","the","wake","of","their",2
"in","two","ways","by","submitting",2
"include","but","are","not","limited",2
"infant","formula","supplemented","with","docosahexaenoic",2
"information","can","be","found","at",2
"into","this","when","sal","takes",2
"is","a","great","way","to",2
"is","an","example","of","the",2
"is","different","from","having","a",2
"is","going","to","be","a",2
"is","going","to","be","the",2
"is","just","a","little","bit",2
"is","no","such","thing","as",2
"is","not","a","fan","of",2
"is","not","to","say","that",2
"is","off","track","start","by",2
"is","one","of","my","favorite",2
"is","one","of","my","favorites",2
"is","one","of","my","very",2
"is","one","of","the","major",2
"is","one","of","the","many",2
"is","probably","one","of","the",2
"is","strong","enough","to","hold",2
"is","supposed","to","be","a",2
"is","that","a","reason","to",2
"is","the","best","way","to",2
"is","the","kind","of","thing",2
"is","the","latin","abbreviation","for",2
"is","the","meaning","of","the",2
"is","the","size","of","a",2
"is","to","say","anything","which",2
"is","worst","in","the","medical",2
"it","as","much","as","the",2
"it","comes","down","to","is",2
"it","eat","it","shit","it",2
"it","for","the","first","time",2
"it","has","always","been","a",2
"it","has","been","a","privilege",2
"it","has","been","in","the",2
"it","is","god","that","justifieth",2
"it","is","the","duty","of",2
"it","is","the","lord","who",2
"it","makes","me","feel","a",2
"it","needs","to","be","said",2
"it","never","occurred","to","me",2
"it","reminded","me","of","how",2
"it","seems","to","me","that",2
"it","to","the","reader","to",2
"it","turns","out","there","are",2
"it","was","cool","but","i",2
"it","was","in","this","same",2
"it","was","intended","to","be",2
"it","was","one","of","my",2
"it","was","the","first","time",2
"it","was","tons","of","fun",2
"it","was","too","late","she",2
"it","would","be","better","but",2
"it","would","have","been","a",2
"its","never","too","late","to",2
"its","one","thing","to","not",2
"its","the","middle","of","the",2
"its","time","for","me","to",2
"jumps","over","the","lazy","dog",2
"just","going","to","have","to",2
"just","the","right","amount","of",2
"just","tired","of","talking","about",2
"just","wanted","to","be","done",2
"know","about","you","but","i",2
"know","it","at","the","time",2
"know","what","it","is","about",2
"know","what","to","do","i",2
"launched","from","gaza","into","israel",2
"learn","how","to","build","and",2
"least","not","the","way","you",2
"legislative","powers","to","the","president",2
"let","me","say","that","i",2
"level","chance","to","deal","damage",2
"lies","in","the","fact","that",2
"limp","wrist","you","walk","over",2
"little","about","me","i","am",2
"little","in","the","way","of",2
"long","and","indeed","lucrative","tradition",2
"look","at","some","of","the",2
"looked","at","each","other","and",2
"lord","and","he","will","give",2
"lord","your","god","with","all",2
"love","the","lord","your","god",2
"love","to","hear","from","you",2
"luck","would","have","it","the",2
"make","an","impact","on","the",2
"make","sure","that","you","keep",2
"make","the","world","a","better",2
"makes","me","feel","a","little",2
"man","up","give","him","a",2
"may","not","be","able","to",2
"may","or","may","not","be",2
"may","or","may","not","have",2
"may","participate","in","the","contest",2
"me","at","the","end","of",2
"me","for","a","long","time",2
"me","i","waited","pointlessly","for",2
"merchants","website","by","click","on",2
"metaphors","and","similes","are","wonderful",2
"middle","of","nowhere","past","midnight",2
"might","not","be","able","to",2
"million","in","the","first","quarter",2
"million","in","the","past","days",2
"mode","of","life","dominated","by",2
"more","careful","in","the","future",2
"most","of","the","time","he",2
"most","of","the","time","i",2
"move","out","of","the","way",2
"much","more","than","i","was",2
"much","time","on","their","hands",2
"my","body","could","have","been",2
"my","heart","just","wasnt","in",2
"myself","to","the","fact","that",2
"never","been","so","excited","to",2
"never","had","the","chance","to",2
"never","too","late","to","start",2
"new","heavens","and","new","earth",2
"new","york","city","department","of",2
"next","st","dc","in","next",2
"no","idea","what","i","was",2
"no","im","not","going","to",2
"not","a","huge","fan","of",2
"not","be","reached","for","comment",2
"not","only","because","of","the",2
"not","sure","what","to","do",2
"not","the","end","of","the",2
"not","the","only","ones","who",2
"not","the","only","way","to",2
"not","the","way","you","define",2
"october","th","at","noon","est",2
"of","a","year","in","the",2
"of","course","i","would","be",2
"of","infant","formula","supplemented","with",2
"of","one","of","my","favorite",2
"of","one","of","the","most",2
"of","the","destruction","of","the",2
"of","the","elements","of","the",2
"of","the","house","john","boehner",2
"of","the","man","for","the",2
"of","the","matter","is","that",2
"of","the","people","of","israel",2
"oh","henry","bar","when","i",2
"on","a","daily","basis","and",2
"on","account","of","your","race",2
"on","and","off","the","field",2
"on","my","way","home","from",2
"on","our","way","home","i",2
"on","something","that","might","happen",2
"on","the","evening","of","march",2
"on","the","north","dakota","snowmobile",2
"on","the","other","hand","its",2
"on","the","other","hand","the",2
"on","the","side","of","things",2
"on","the","way","back","home",2
"once","or","twice","a","week",2
"one","of","my","best","friends",2
"one","of","my","favorite","gifts",2
"one","of","the","most","amazing",2
"one","of","the","most","important",2
"one","of","the","most","popular",2
"one","of","the","things","i",2
"one","of","the","top","ten",2
"one","thing","to","not","be",2
"only","have","to","look","at",2
"only","thing","missing","is","the",2
"or","at","the","very","least",2
"or","do","you","prefer","to",2
"or","in","the","case","of",2
"or","in","the","year","of",2
"or","per","diluted","share","for",2
"or","you","could","sign","the",2
"other","than","the","fact","that",2
"our","fears","are","based","on",2
"over","the","last","few","years",2
"over","the","past","five","years",2
"over","there","and","crack","that",2
"part","of","the","reason","i",2
"participate","in","the","contest","in",2
"particles","and","certain","other","arrangements",2
"people","with","too","much","time",2
"per","diluted","share","for","the",2
"perfectat","least","not","the","way",2
"photos","and","by","liking","photos",2
"pictures","are","a","bit","dark",2
"place","at","the","right","time",2
"place","at","the","same","time",2
"please","check","for","the","buyer",2
"podcast","downloading","has","also","acted",2
"posts","and","i","dont","have",2
"power","of","the","holy","spirit",2
"pretty","cool","to","think","that",2
"privilege","to","make","an","impact",2
"promulgation","of","the","acts","above",2
"public","education","in","new","york",2
"quarter","ended","march","compared","to",2
"quick","fox","jumps","over","the",2
"raiders","of","the","lost","ark",2
"ratings","for","every","senior","officer",2
"rb","charts","and","reached","the",2
"rb","singles","chart","entry","in",2
"really","dont","want","to","i",2
"remember","the","last","time","i",2
"rest","of","the","season","and",2
"right","foot","forward","outside","partner",2
"right","place","at","the","right",2
"rise","a","bit","faster","than",2
"robyns","fetish","digital","stamps","and",2
"sal","takes","you","he","has",2
"school","many","of","the","students",2
"second","you","see","your","son",2
"see","your","son","dropping","the",2
"seems","to","be","a","very",2
"selected","th","overall","in","the",2
"sell","less","than","copies","of",2
"sex","drugs","and","cocoa","puffs",2
"shall","keep","it","a","feast",2
"shane","and","i","are","both",2
"sick","of","being","sick","book",2
"so","i","was","thrilled","to",2
"so","ive","been","busy","with",2
"so","much","for","stopping","by",2
"so","that","i","can","get",2
"so","what","do","you","think",2
"so","you","can","see","how",2
"some","of","the","most","popular",2
"some","of","you","may","be",2
"something","that","might","happen","in",2
"son","dropping","the","limp","wrist",2
"soul","and","with","all","your",2
"speaker","of","the","house","john",2
"stalks","of","celery","a","day",2
"states","and","the","district","of",2
"still","trying","to","figure","out",2
"still","up","in","the","air",2
"stole","again","were","caught","charged",2
"submitting","photos","and","by","liking",2
"suppose","you","could","say","that",2
"sure","was","cold","and","miserable",2
"sure","you","want","to","get",2
"take","a","look","at","all",2
"takes","you","he","has","you",2
"taking","one","for","the","team",2
"television","internet","access","and","phone",2
"tell","you","though","that","i",2
"th","overall","in","the","draft",2
"than","the","fact","that","it",2
"that","a","few","days","ago",2
"that","as","soon","as","you",2
"that","he","knew","what","was",2
"that","i","am","guilty","of",2
"that","i","did","not","want",2
"that","i","had","been","in",2
"that","i","wanted","to","try",2
"that","i","would","like","to",2
"that","im","not","a","huge",2
"that","it","is","the","lord",2
"that","it","would","just","be",2
"that","may","or","may","not",2
"that","part","of","the","process",2
"that","she","is","one","of",2
"that","there","is","the","possibility",2
"that","they","were","going","to",2
"that","was","a","good","thing",2
"that","wrist","man","up","give",2
"that","you","dont","have","to",2
"thats","all","you","need","to",2
"the","acer","iconia","tab","a",2
"the","american","hospital","in","dubai",2
"the","australian","test","cricket","team",2
"the","back","and","it","was",2
"the","back","of","the","leg",2
"the","board","took","the","view",2
"the","bottom","of","the","page",2
"the","bran","is","removed","from",2
"the","buyer","reviews","and","ratings",2
"the","contest","in","two","ways",2
"the","cremation","burials","in","mounds",2
"the","desires","of","your","heart",2
"the","edge","of","my","seat",2
"the","end","of","last","year",2
"the","end","of","the","game",2
"the","end","of","the","month",2
"the","end","of","the","season",2
"the","end","of","the","story",2
"the","end","of","the","war",2
"the","end","of","the","week",2
"the","end","of","the","world",2
"the","ever","changing","moods","girl",2
"the","fact","that","i","am",2
"the","first","day","of","the",2
"the","first","part","of","the",2
"the","first","time","i","ever",2
"the","first","time","i","had",2
"the","first","time","it","was",2
"the","first","week","of","the",2
"the","free","circulation","of","music",2
"the","great","wall","of","china",2
"the","history","of","our","world",2
"the","interview","by","clicking","here",2
"the","kind","of","thing","that",2
"the","kind","you","send","to",2
"the","last","couple","of","years",2
"the","latin","abbreviation","for","anno",2
"the","life","of","me","i",2
"the","limp","wrist","you","walk",2
"the","lord","and","he","will",2
"the","lord","your","god","with",2
"the","man","for","the","man",2
"the","media","and","entertainment","industry",2
"the","merchants","website","by","click",2
"the","microsoft","security","response","center",2
"the","middle","of","nowhere","past",2
"the","new","york","daily","news",2
"the","next","and","the","next",2
"the","north","dakota","snowmobile","trail",2
"the","only","problem","is","that",2
"the","only","thing","missing","is",2
"the","only","way","we","can",2
"the","other","day","i","was",2
"the","paintball","marker","repair","a",2
"the","past","couple","of","years",2
"the","pictures","are","a","bit",2
"the","power","of","the","holy",2
"the","process","of","becoming","a",2
"the","quarter","ended","march","compared",2
"the","quick","fox","jumps","over",2
"the","rb","charts","and","reached",2
"the","reason","for","this","is",2
"the","rest","of","the","days",2
"the","rest","of","the","night",2
"the","rest","of","the","team",2
"the","right","hand","of","god",2
"the","right","place","at","the",2
"the","same","period","last","year",2
"the","savior","of","the","world",2
"the","scriptures","and","that","he",2
"the","second","you","see","your",2
"the","shape","of","the","moon",2
"the","sick","of","being","sick",2
"the","side","of","the","road",2
"the","side","of","things","that",2
"the","start","of","the","year",2
"the","story","of","how","he",2
"the","suspect","to","federal","authorities",2
"the","thief","of","bagdad","is",2
"the","time","has","come","for",2
"the","time","you","get","to",2
"the","time","you","reach","the",2
"the","truth","of","the","matter",2
"the","type","of","person","that",2
"the","university","of","chicago","chicago",2
"the","use","of","the","word",2
"the","way","you","define","perfection",2
"the","winter","sure","was","cold",2
"the","woman","but","the","woman",2
"the","work","of","the","holy",2
"the","world","a","better","place",2
"their","mother","back","to","life",2
"there","and","crack","that","wrist",2
"there","are","a","couple","of",2
"there","are","a","few","things",2
"there","are","a","lot","of",2
"there","are","literally","dozens","of",2
"there","are","plenty","of","other",2
"there","are","so","many","things",2
"there","is","little","doubt","that",2
"there","is","no","such","thing",2
"there","is","not","a","moment",2
"there","was","a","time","when",2
"there","were","a","couple","of",2
"these","are","some","of","the",2
"they","can","get","away","with",2
"they","had","spent","on","patenting",2
"they","stole","again","were","caught",2
"thief","of","bagdad","is","a",2
"think","of","it","as","a",2
"this","blog","as","well","as",2
"this","is","one","of","the",2
"this","is","one","of","those",2
"this","was","not","just","a",2
"this","was","the","first","time",2
"this","when","sal","takes","you",2
"this","would","be","a","good",2
"those","of","you","who","dont",2
"those","of","you","who","have",2
"those","of","you","who","know",2
"those","who","havent","seen","it",2
"tiger","street","hotel","in","corbett",2
"time","has","passed","i","have",2
"time","you","get","to","the",2
"to","be","a","better","person",2
"to","be","a","part","of",2
"to","be","able","to","get",2
"to","be","at","home","with",2
"to","be","carried","out","by",2
"to","be","honest","i","didnt",2
"to","be","in","a","position",2
"to","be","there","for","her",2
"to","bring","their","mother","back",2
"to","celebrate","the","th","anniversary",2
"to","come","up","with","a",2
"to","deal","damage","after","an",2
"to","do","much","of","anything",2
"to","do","with","the","fact",2
"to","doing","this","project","with",2
"to","explain","why","i","was",2
"to","figure","out","what","to",2
"to","find","out","how","to",2
"to","get","into","this","when",2
"to","get","out","of","here",2
"to","get","something","out","of",2
"to","get","the","house","ready",2
"to","get","them","both","off",2
"to","give","you","an","idea",2
"to","go","to","the","bathroom",2
"to","have","a","little","fun",2
"to","have","an","open","mind",2
"to","ignore","reality","in","favour",2
"to","leave","a","comment","on",2
"to","legislate","on","those","matters",2
"to","let","me","know","that",2
"to","live","like","we","want",2
"to","make","an","impact","on",2
"to","me","at","the","end",2
"to","me","by","a","friend",2
"to","remember","what","it","was",2
"to","see","if","i","could",2
"to","see","if","they","could",2
"to","see","what","would","happen",2
"to","spend","my","time","with",2
"to","take","better","care","of",2
"to","take","it","all","in",2
"to","the","bill","of","rights",2
"to","the","right","of","the",2
"to","the","way","things","were",2
"to","this","elite","that","the",2
"to","those","who","havent","seen",2
"to","win","one","of","two",2
"too","much","for","me","to",2
"too","much","time","on","their",2
"tribute","to","one","of","the",2
"try","to","cut","it","down",2
"trying","to","figure","out","her",2
"trying","to","get","it","to",2
"turns","out","there","are","a",2
"turns","out","to","be","an",2
"two","ways","by","submitting","photos",2
"university","of","chicago","chicago","illinois",2
"until","a","few","weeks","ago",2
"up","give","him","a","good",2
"up","in","the","morning","feeling",2
"use","of","infant","formula","supplemented",2
"using","the","spectrum","noir","markers",2
"very","little","in","the","way",2
"walk","over","there","and","crack",2
"want","to","be","there","for",2
"want","to","get","into","this",2
"want","to","know","the","truth",2
"wanted","nothing","to","do","with",2
"was","a","time","when","we",2
"was","in","this","same","region",2
"was","never","going","to","be",2
"was","one","of","the","most",2
"was","selected","th","overall","in",2
"was","so","excited","to","finally",2
"was","so","much","fun","i",2
"was","that","there","was","a",2
"was","the","first","time","i",2
"was","the","last","time","you",2
"ways","by","submitting","photos","and",2
"we","are","at","the","end",2
"we","had","such","a","great",2
"we","looked","at","each","other",2
"we","made","it","to","the",2
"we","never","settle","for","what",2
"we","were","lucky","to","have",2
"we","were","on","our","way",2
"website","by","click","on","the",2
"week","of","the","warm","up",2
"went","to","the","bus","stop",2
"were","caught","charged","and","given",2
"were","given","the","opportunity","to",2
"were","lucky","to","have","a",2
"what","are","you","doing","to",2
"what","do","you","like","about",2
"what","do","you","think","is",2
"what","has","been","up","with",2
"what","he","wants","to","do",2
"what","is","going","on","so",2
"what","is","the","right","balance",2
"what","is","worst","in","the",2
"what","it","comes","down","to",2
"what","it","will","look","like",2
"what","its","like","to","live",2
"what","to","do","with","the",2
"what","was","going","to","happen",2
"what","was","right","in","front",2
"what","would","happen","in","the",2
"what","you","would","like","to",2
"when","i","came","back","i",2
"when","it","comes","to","our",2
"when","sal","takes","you","he",2
"when","the","bran","is","removed",2
"when","was","the","last","time",2
"when","we","got","to","the",2
"when","we","went","to","the",2
"when","you","think","about","it",2
"where","does","it","come","from",2
"whether","he","was","thinking","of",2
"whether","hes","going","to","be",2
"which","i","will","show","you",2
"which","is","a","good","thing",2
"while","the","rest","of","the",2
"who","grew","up","in","the",2
"why","dont","you","look","at",2
"why","the","siren","likes","it",2
"will","be","able","to","find",2
"will","be","part","of","a",2
"will","give","you","the","desires",2
"will","go","a","long","way",2
"will","i","go","with","him",2
"will","look","and","feel","like",2
"will","tell","you","though","that",2
"winter","sure","was","cold","and",2
"with","all","due","respect","to",2
"with","all","your","heart","and",2
"with","all","your","soul","and",2
"with","assists","for","points","in",2
"with","bits","and","pieces","of",2
"with","the","blood","of","the",2
"with","the","scriptures","and","that",2
"with","too","much","time","on",2
"without","having","to","deal","with",2
"work","of","the","holy","spirit",2
"work","with","her","she","was",2
"worst","in","the","medical","system",2
"would","have","loved","to","have",2
"would","it","be","too","much",2
"would","love","to","have","a",2
"would","love","to","hear","from",2
"would","want","to","have","a",2
"wrist","man","up","give","him",2
"wrist","you","walk","over","there",2
"ye","shall","keep","it","a",2
"year","in","the","life","of",2
"years","this","is","the","first",2
"yes","i","would","like","to",2
"you","are","being","obedient","to",2
"you","can","find","a","copy",2
"you","can","think","about","is",2
"you","had","to","go","to",2
"you","have","no","idea","how",2
"you","have","to","do","is",2
"you","he","has","you","for",2
"you","know","the","ending","to",2
"you","may","participate","in","the",2
"you","need","to","get","out",2
"you","only","have","to","look",2
"you","see","your","son","dropping",2
"you","should","have","seen","me",2
"you","sure","you","want","to",2
"you","the","desires","of","your",2
"you","walk","over","there","and",2
"you","want","to","get","into",2
"your","god","with","all","your",2
"your","heart","and","with","all",2
"your","son","dropping","the","limp",2
"your","soul","and","with","all",2
